Complexity,Loss,Equation
1,41.93206291701436,"0.41249045693228703"
3,16.735276348192247,"(0.11968468649037134 * A)"
5,11.074249540745768,"(A / (B - -5.037209967739362))"
7,9.804591593305927,"(0.1685040884263503 * (A + (-0.3809476778750379 * B)))"
9,4.443470532997647,"(((A / (A + B)) * 2.2004802184488716) + -0.6183258038489742)"
11,4.308863451151127,"(((A / ((A + 0.27625848013656856) + B)) * 2.2569573450747313) + -0.6008739970263457)"
13,4.1456296601036415,"(((A + (A - B)) * 0.6745245873289352) / (A + (B / A)))"
15,3.6973160919069006,"((((A + (A - B)) * 0.6468630501058482) / (A + (B / A))) - -0.04368162632604721)"
17,3.3451484670334435,"((((A + (A - B)) + 0.5378449223009893) * 0.6461294136621782) / (A + (B / (A - 0.8270967377173913))))"
