Complexity,Loss,Equation
1,47.091187401414125,"-0.38921585205396303"
3,18.372036152588766,"(-0.12049936371897571 * A)"
5,13.134585889157853,"(A / (-5.11638365469603 - B))"
7,10.95587638924842,"((0.06468113627525174 * B) + (-0.16995972066892193 * A))"
9,8.506396992179296,"((A + (A - B)) / (-4.006841873328091 - A))"
11,7.587852825843827,"((A + ((A + 0.4624248080425701) - B)) / (-4.397596510681264 - A))"
13,7.583764937252696,"((A + (((A / 1.0072691413739037) + 0.48184189316581777) - B)) / (-4.397596510681264 - A))"
15,7.520065181627047,"((A + ((A + 0.6891816256332356) - B)) / (-4.397596510681264 - (A + (B / A))))"
17,7.463488297815928,"((((A - -0.1566674698543725) + (A - B)) - -0.4316973563469577) / ((-4.006841873328091 - (B / A)) - A))"
