Complexity,Loss,Equation
1,2.3439064,"0.100253"
3,2.1091452,"(0.19364132 * CNO)"
5,1.5597991,"(0.0201452 / (CNO + -0.021127043))"
7,0.39383617,"(0.03576036 * (CNO / (CNO + -0.019331772)))"
9,0.16643567,"(CNO * ((0.03506266 / (-0.019331772 + CNO)) - -0.18794698))"
11,0.1649486,"((CNO * ((0.03636346 / (CNO + -0.019333448)) + 0.18922196)) + -0.076432854)"
13,0.16229396,"(0.03636346 * ((CNO / (CNO + -0.019331772)) + ((CNO / 0.18505369) - 2.0636501)))"
15,0.16104192,"((0.03636346 / 1.0284355) * ((CNO / (CNO + -0.019331772)) + ((CNO / 0.18505369) - 2.0636501)))"
17,0.16063468,"(0.03506266 * ((0.03506266 / ((-0.019331772 + CNO) / (0.58358943 - 0.026792664))) + ((CNO - 0.17954059) / 0.17954059)))"
