Complexity,Loss,Equation
1,0.12947129,-0.26286954
3,0.08668108,(-0.15838066 * T)
5,0.051685926,((-0.05131851 * H) * T)
7,0.050532367,((-0.047762178 * (T * H)) - 0.043118976)
9,0.032049693,(((H * -0.2728317) * T) / (T + B + 0.043118976))
11,0.029886566,(((T * -0.3081517) * H) / ((B * 1.4618202) + T))
13,0.02915542,((((H + 0.5253049) * -0.2728317) * T) / (T + (B / 0.66500574)))
15,0.028401637,(((T * -0.3081517) * H) / ((T + B) + (B / (T + 0.18062642))))
17,0.027376153,((((H * -0.48839418) * T) - 0.34374675) / ((T + B) + (B / (T - -0.050195225))))
19,0.026976092,((((H * -0.48839418) * T) - 0.34374675) / ((T + B) + ((B / (T - -0.050195225)) * 1.4502772)))
21,0.023394667,(((H * -0.32023835) * T) / ((T + B) + (B / ((T - ((0.42624688 * H) - B)) + 0.28755665))))
23,0.020543134,(((H * -0.32023835) * T) / ((T + B) + (B / (((T - ((0.42624688 * H) - B)) * B) + 0.68082106))))
25,0.020123743,(((H * -0.32023835) * T) / ((T + B) + (B / ((((T - ((0.42624688 * H) - B)) * B) + 0.68082106) * 1.1515843))))