Complexity,Loss,Equation
1,0.2868819,"0.28381947"
3,0.24820171,"(0.17080428 * T)"
5,0.19582054,"(0.44414088 / (B + 0.24209161))"
7,0.18564676,"(H / ((B - -0.3830177) / 0.16704747))"
9,0.15986152,"(T / (((T / 0.36451295) / H) + B))"
11,0.14342786,"(H / (T + ((B / (T + -0.034275822)) / 0.17947288)))"
13,0.12113705,"(T / (((T - (-0.2898595 / (T + -2.1713414))) + B) + B))"
15,0.055959612,"(T / ((T + B) - ((0.34254074 / -1.8876153) / ((1.24157 - H) - -2.1378732))))"
17,0.045342084,"(T / ((T + (B / 0.39800608)) - ((0.34254074 / -1.8876153) / ((1.24157 - H) - -2.1378732))))"
19,0.024985837,"(T / ((T + (B / (0.2541065 * H))) - ((0.34255335 / -1.8876133) / ((1.2417171 - H) - -2.1389349))))"
21,0.014239583,"((H / ((T - ((((0.47350973 + -0.27382866) / -1.088952) / ((1.4034554 - H) - -1.977289)) - B)) / 0.25416428)) * T)"
23,0.013137342,"((H / (((T - (((0.47350973 + -0.27382866) / (-1.088952 - B)) / ((1.4034554 - H) - -1.977289))) + B) / 0.25416428)) * T)"
25,0.012663515,"((H / (((T - (((0.47350973 + -0.27382866) / (-1.088952 - B)) / (((1.4034554 - H) - -1.977289) / 0.9926736))) + B) / 0.25416428)) * T)"
