Complexity,Loss,Equation
1,0.1891152,"0.80550665"
4,0.1419336,"exp(-0.06431833 * t)"
5,0.09212038,"(2.9535177 / (t - -1.2226682))"
6,0.037149016,"(0.61351 + exp(0.5188785 - t))"
8,0.03653001,"(0.63049346 + exp((0.47361007 - t) * 1.1393895))"
9,0.033572357,"(0.6333854 + exp(1.4751594 - exp(t / 1.5482978)))"
