Complexity,Loss,Equation
1,0.8713354,"2.4007955"
5,0.22438946,"((-0.2606321 * t) - -3.7038116)"
6,0.12059657,"exp(1.4281335 - (t * 0.12742305))"
7,0.036760136,"exp(exp(t * -0.34607732) + 0.54655284)"
8,0.021894952,"(exp(1.1629221 - (0.4270926 * t)) - -1.5964345)"
9,0.02189242,"(exp(1.1629221 - (exp(-0.8528651) * t)) - -1.5964345)"
