Complexity,Loss,Equation
1,0.10070082,"1.3869591"
5,0.05176218,"((-0.07411995 * t) - -1.7575445)"
6,0.027053813,"(exp(-0.61480933 * t) - -1.2127604)"
8,0.026807444,"(exp((0.10511428 - t) * 0.65807027) - -1.2111979)"
