Complexity,Loss,Equation
1,0.86787826,"2.8451896"
5,0.2177888,"((t * -0.26126212) + 4.151491)"
6,0.13589472,"exp((-0.10406662 * t) - -1.5101007)"
7,0.051653996,"exp(exp(-0.25319055 * t) - -0.62953216)"
8,0.04617148,"((3.146049 / exp(t / 2.704811)) - -1.958697)"
9,0.045840785,"exp(((0.7635421 + t) / exp(t)) - -0.8226849)"
