Complexity,Loss,Equation
1,3.8622055,"6.0361056"
3,1.8679594,"(11.036139 - t)"
5,0.3797337,"(9.059628 - (t * 0.6046987))"
6,0.21760158,"(9.059628 / exp(0.09555782 * t))"
7,0.049038377,"exp(2.3156493 / exp(t * 0.06025386))"
8,0.033326015,"exp(exp(exp((t + 1.5862757) * -0.09809227)))"
9,0.017944306,"(10.159803 - (t * (1.3155831 - (t * 0.07108853))))"
