Complexity,Loss,Equation
1,0.6431503,"3.2260952"
5,0.095291995,"((0.239844 * t) - -2.0268657)"
7,0.030877728,"(4.0736594 / exp(exp(-0.39101157 * t)))"
9,0.03086129,"(4.0727077 / exp(exp((0.01839186 - t) * 0.39358392)))"
