Complexity,Loss,Equation
1,0.10601072,"2.7137847"
3,0.10601071,"exp(exp(-0.0016719914))"
5,0.051814612,"(2.3366234 + (0.07543269 * t))"
6,0.027600342,"(2.932621 - exp(t / -1.9764818))"
8,0.02757057,"(2.932621 - exp((-0.034493685 - t) * 0.49786007))"
