Complexity,Loss,Equation
1,0.099913836,"1.4568074"
5,0.041441184,"(1.8485779 - (0.07835531 * t))"
6,0.03225578,"(exp(-0.3188703 * t) - -1.1402941)"
7,0.030838294,"(0.97096246 - (2.901994 / (-2.4834356 - t)))"
9,0.03083824,"(0.97096246 - (2.901994 / (-2.4834356 - (t / 1.0006456))))"
