Complexity,Loss,Equation
1,1.6635002,"3.96447"
5,0.23728535,"((-0.38697436 * t) + 5.899314)"
6,0.107584104,"exp((-0.106996655 * t) - -1.8549191)"
7,0.041239183,"exp(exp(-0.23004721 * t) - -0.94060737)"
9,0.02766021,"(6.7368054 - ((0.9280978 - (0.054111656 * t)) * t))"
