Complexity,Loss,Equation
1,0.87244517,"2.049876"
5,0.24448934,"((-0.2567767 * t) + 3.3337893)"
6,0.12796389,"exp((-0.15131381 * t) - -1.354486)"
7,0.040367667,"exp(exp(-0.21817367 * (-1.8241196 + t)))"
8,0.03422602,"(1.289675 + (3.1849184 / exp(t / 2.200702)))"
