Complexity,Loss,Equation
1,0.81186104,"1.9272274"
3,0.811861,"(1.894074 / 0.9828973)"
5,0.17545106,"(3.2195797 + (-0.25849828 * t))"
6,0.07571066,"exp((-0.15694928 * t) + 1.3155887)"
7,0.038904715,"exp(exp(-0.22476076 * (t - 1.5755956)))"
8,0.036548022,"exp(exp(1.3249533 - exp(0.15396076 * t)))"
9,0.034673214,"(1.0104264 + (exp(1.1209528) / exp(t * 0.343282)))"
