Complexity,Loss,Equation
1,0.7352562,"1.7844118"
5,0.21468043,"exp(exp(t * -0.17758702))"
6,0.05941266,"(exp(2.448873) / (2.9469738 + t))"
7,0.039557565,"exp(exp(-0.27838087 * (t + -1.2041186)))"
8,0.033111513,"(1.1173638 + exp(1.0725551 - (t * 0.4803856)))"
9,0.022736793,"(exp(1.9914678 - exp(0.31652135 * t)) - -1.2171525)"
