Complexity,Loss,Equation
1,1.9512591,"t"
3,1.5579685,"(t * 0.89324594)"
4,1.5579683,"(t / exp(0.1128679))"
5,0.344688,"((t * 0.58953965) + 2.0971644)"
7,0.20625477,"(((-0.09909047 * t) + 1.6620735) * t)"
8,0.099438444,"((t / exp(0.05404324 * t)) + 1.5731024)"
9,0.037741665,"((((-0.06548025 * t) + 1.2443429) * t) + 1.0837786)"
